"","log2FC","t","B","PValue","FDR"
"NKG7",3.00160013196449,17.0003901418895,76.1780350061962,2.86755123952201e-38,5.59717326442301e-34
"GBP1",2.31543720101147,16.7946441680215,74.9165936998863,1.03915851042311e-37,8.79700033566303e-34
"GBP4",2.95449369739537,16.7526637414337,74.6586642781289,1.35206726814842e-37,8.79700033566303e-34
"CD8A",3.19384416097215,16.5661921743055,73.5107859156888,4.36188546079015e-37,2.12849105772907e-33
"PRF1",2.64746193147906,16.4810837137803,72.9857059563581,7.45282991476472e-37,2.90943574212585e-33
"GZMB",3.0833545183695,16.2201715387568,71.3715444743897,3.8668450451462e-36,1.25794914060348e-32
"LAG3",2.79970212094743,16.108402447256,70.6780677968421,7.84300904689128e-36,2.18696705123244e-32
"GBP5",3.43611141611554,16.0671435976576,70.4217784579136,1.01853903792958e-35,2.48510793516845e-32
"GZMH",3.16428727021049,15.8496133241913,69.0679491672134,4.04965428713994e-35,7.90452020306846e-32
"CD274",2.69770848357025,15.7862593166623,68.6728558309338,6.05797512247248e-35,1.07496014923219e-31
"ZNF683",3.59424977488015,15.3229991523523,65.773418510077,1.16294338444892e-33,1.89162432675488e-30
"CXCL9",3.76088589815242,15.1467030133184,64.6654708457034,3.59544526257255e-33,5.39842277539643e-30
"FASLG",3.09890291724377,15.095321677531,64.3421166968341,4.99804001884821e-33,6.96833879484987e-30
"CCL5",2.83689749356719,14.8802281150777,62.9864049075704,1.98824824928357e-32,2.58724117185107e-29
"IDO1",4.40854516015554,14.7479466070117,62.151051968227,4.65492374290586e-32,5.42878592909648e-29
"IL2RB",2.32522053971798,14.745520018347,62.1357172458281,4.7281807876756e-32,5.42878592909648e-29
"WARS",2.27180281997598,14.3260280576513,59.4792640516808,7.06725424712703e-31,7.66365198053736e-28
"SLA2",2.36739918908629,14.2173110293655,58.7891599070742,1.42664618704694e-30,1.46561615394575e-27
"TBX21",2.43468161293905,14.149626138267,58.3592055742076,2.20987580781477e-30,2.05402694727316e-27
"CXCL10",3.60493791065012,14.1330466081564,58.2538524944036,2.46000131229256e-30,2.18258025521084e-27
"CXCR6",2.39526849784975,14.0413970021011,57.6712333252285,4.45092760205788e-30,3.77728938541599e-27
"PDCD1",2.66816031539774,14.0037331176439,57.4316884266631,5.67967372641131e-30,4.61923131107593e-27
"IFNG",3.87681939985872,13.9733702131326,57.2385313339369,6.91340383223967e-30,5.39770917605945e-27
"CRTAM",3.18169414707635,13.9496678222862,57.087717333564,8.06018590756745e-30,6.05102956653112e-27
"GZMA",2.77652728499063,13.8244884677676,56.2908259354835,1.81350099162862e-29,1.31102688354071e-26
"JAKMIP1",2.47439928985733,13.7839879718042,56.032863158412,2.35783678197685e-29,1.64366486240736e-26
"APOBEC3H",2.51174010010769,13.6788728309348,55.363055384341,4.66115395841115e-29,3.13727807290439e-26
"CD96",2.30919636569854,13.3339716097489,53.1627701555471,4.37158596238919e-28,2.84429954666249e-25
"TIGIT",2.37128268647104,13.0126723479737,51.1105102523882,3.52549848477963e-27,2.02394720365922e-24
"APOBEC3G",2.14233747341179,12.9762502677647,50.8777688484909,4.46709190957975e-27,2.49123334237392e-24
"CD2",2.29409442255978,12.8304437791094,49.945929032549,1.15242488121743e-26,6.07950844769814e-24
"CCR5",2.34430099632977,12.7589653594856,49.4890711854722,1.83398234995835e-26,9.42039512864132e-24
"SIRPG",2.5463214728673,12.7411568505558,49.3752452050038,2.05905698243512e-26,1.03053162154234e-23
"GNLY",2.56296969812419,12.7299318648647,49.3034986906878,2.21491104333862e-26,1.08082121637316e-23
"SH2D1A",2.56439713789501,12.6481171161323,48.7805662359653,3.76975808308261e-26,1.79468068350462e-23
"CXCL11",3.39635573452366,12.6122549488868,48.551351686116,4.75933055027661e-26,2.16040402350812e-23
"GPR171",2.39448157183126,12.5843506637268,48.3730039218714,5.70574270335714e-26,2.53114526879154e-23
"CD247",2.00068655865687,12.4273834488959,47.3698664178331,1.58245080537634e-25,6.57188452556188e-23
"CD3E",2.26147757608828,12.3976172162332,47.1796665346433,1.92011175970798e-25,7.80805446619586e-23
"CCL4",2.29055435198549,12.2287739741247,46.1010532168679,5.74981562829109e-25,2.29042145405334e-22
"THEMIS",2.60248772159165,12.0603112619421,45.0254662058557,1.71644383718946e-24,6.70065345162023e-22
"CTSW",2.68100584461767,12.0315650317466,44.8420049242439,2.06844661797493e-24,7.91647245808875e-22
"CD3G",2.13750649091018,11.9959998341796,44.6150588756459,2.60532017908309e-24,9.77947011067748e-22
"CD3D",2.24192384456222,11.7943995520766,43.3294462026353,9.62868984748566e-24,3.54608296477495e-21
"AIM2",3.14182221552138,11.7812147352124,43.2454207233307,1.04874836108178e-23,3.79083689999173e-21
"UBASH3A",2.08378391513419,11.6962193256569,42.703935365311,1.81878359710354e-23,6.4546976421571e-21
"KLRD1",2.35494335237075,11.6616683349591,42.4839138211212,2.27477479961161e-23,7.78970689712615e-21
"KLRC4-KLRK1",3.33397333941039,11.3339623172095,40.400249719153,1.8925864770479e-22,5.95828958798355e-20
"UBD",3.07264653575025,11.180437285747,39.426402599909,5.09456592028791e-22,1.57842590790634e-19
"CTLA4",2.14076994155699,11.1758906346762,39.3975877998547,5.24604517344703e-22,1.59996180844551e-19
"ZAP70",2.12607130732038,11.1593141228054,39.2925458107389,5.83740061386195e-22,1.7529265012611e-19
"PYHIN1",2.29746022652652,11.1425742546347,39.1864897462759,6.50212004767878e-22,1.92295274561579e-19
"FCRL6",2.8440243476907,11.1252450452286,39.0767224880546,7.26991902312251e-22,2.08678749135777e-19
"IL21R",2.23592790493132,11.0822739106458,38.8046343846649,9.58711655199951e-22,2.7120424344707e-19
"ITK",2.26388966266508,11.0443978173316,38.5649298353402,1.22333814556268e-21,3.41119103760543e-19
"TRAT1",2.57214519348547,11.0275418951292,38.4582923331186,1.36345317354099e-21,3.74834401328825e-19
"TTC24",3.04568022492935,11.0210253992637,38.4170726181894,1.42181770245112e-21,3.85450829640881e-19
"CD8B",2.78171851109568,10.9285867541396,37.8327473066916,2.57573453411878e-21,6.7940219420898e-19
"EOMES",2.45762746889343,10.9037789454857,37.6760591530175,3.02065471358355e-21,7.86135458059165e-19
"ZBED2",2.77927220916285,10.797752199689,37.00702467578,5.96460459436162e-21,1.53188311943874e-18
"ICOS",2.23085896573288,10.7633831535886,36.7903845076641,7.434708878087e-21,1.88465042326468e-18
"OR2I1P",2.9716111168599,10.5971256299595,35.7441022398719,2.15472025339271e-20,5.25724807824654e-18
"CD244",2.19267051331226,10.5705444685996,35.5770961653351,2.55363275571105e-20,6.15362441465729e-18
"GZMM",2.40649966086633,10.4828119550377,35.0264476821274,4.47085523779876e-20,1.0514051010433e-17
"ITGAL",2.03687560828997,10.3632920683128,34.2777423576124,9.57477224216956e-20,2.19870563994009e-17
"PLAAT4",2.40404602976973,10.3566729325377,34.2363292621398,9.98672887628777e-20,2.2666390806542e-17
"CXCR3",2.04697256261853,10.3350015629141,34.1007792273474,1.14631748529651e-19,2.54261034039802e-17
"GZMK",2.86698048015722,10.2479576415035,33.5569425028171,1.99325741673201e-19,4.2289555996948e-17
"CALHM6",2.09471904675325,9.98312061638999,31.908638539355,1.06623873359481e-18,1.98208703247972e-16
"HLA-DQA1",2.30100640756468,9.96052391763687,31.7684712669029,1.22968462305923e-18,2.2643598261786e-16
"KLRC4",3.74875045012253,9.94135632469947,31.6496356624008,1.38773852338019e-18,2.53152039606148e-16
"FCGR3A",2.09814101414049,9.89000145263263,31.3315244396754,1.9181684312858e-18,3.43492932204289e-16
"KIR3DL2",3.11897313050449,9.81524644210698,30.8692084902395,3.07046915153444e-18,5.30375994414166e-16
"HLA-DPA1",2.09534035249146,9.81206797220832,30.8495714634929,3.13244566039023e-18,5.36335147764535e-16
"DTHD1",2.62594576433772,9.77650838515282,30.6299922450597,3.91679614362198e-18,6.43204886493669e-16
"KLRC1",2.31180759565052,9.64071338605794,29.7934186721481,9.17707935314048e-18,1.43301929515159e-15
"SLAMF7",2.12034999318666,9.52002614595046,29.0526316609587,1.95068117940175e-17,2.90651495730861e-15
"SIT1",2.05750778586185,9.45789962982475,28.6723362100516,2.87291612347197e-17,4.21627442210898e-15
"IL9R",2.02694649260056,9.4440537247672,28.5876802983759,3.13150337675294e-17,4.52768995635857e-15
"KIR2DL4",2.71488951229372,9.36880008670327,28.1282133425414,4.99935716861715e-17,6.97017518387415e-15
"CXCL13",2.97226176322916,9.34116289867399,27.9597501724538,5.93482776138792e-17,8.15788049820639e-15
"KCNJ10",2.35778974886411,9.20466470300933,27.129981641636,1.38156413878368e-16,1.78587751158402e-14
"KLHDC7B",2.21435038022828,9.11504620940845,26.5873058356217,2.40108418875476e-16,2.89301001730272e-14
"KIR2DL3",2.53944082473362,9.10963343157854,26.5545845270812,2.4824569165015e-16,2.97270408301796e-14
"TLR8",2.09597232108542,8.98718917195863,25.8161121396177,5.26719485958905e-16,5.97320976261824e-14
"GPR174",2.87373689957914,8.96255701211892,25.6679606861476,6.12532218951933e-16,6.79319112597886e-14
"KLRC3",3.4710013071543,8.94140463501379,25.5408497208363,6.97222344945017e-16,7.64555221965269e-14
"XCL2",2.75104608319632,8.83823513029242,24.9223721020697,1.30935186711015e-15,1.35877832764665e-13
"GPR25",2.47165504947284,8.82347874419708,24.8341176971073,1.43256479601208e-15,1.44882032400828e-13
"CLEC12A",2.00559409121644,8.80443363235938,24.7202911912757,1.60875875178518e-15,1.61032626031256e-13
"P2RY10",2.16081104170603,8.76761455331152,24.5004858598266,2.01268606129581e-15,1.99419386956513e-13
"RTP5",2.75320634410449,8.76018672930631,24.4561829898132,2.10564498834925e-15,2.07576184482773e-13
"PRKCQ",2.05347502542274,8.74142761874742,24.3443559566212,2.35984069517416e-15,2.30308652645522e-13
"HLA-DOA",2.29776051554948,8.73526965881714,24.3076660853677,2.4497567029814e-15,2.37894532763652e-13
"IL21",3.9664203969985,8.59350344016806,23.4656576264173,5.77936579148732e-15,5.42343465788658e-13
"PLA2G2D",3.22406493903716,8.5511610348494,23.2151759181757,7.46086314034309e-15,6.86927300171494e-13
"CD38",2.08448753189717,8.29816019780121,21.7286583421476,3.39785108294642e-14,2.83430150803552e-12
"KLRK1",2.34164471903444,8.11962403379355,20.6906683954322,9.79919520369775e-14,7.80695882371332e-12
"TIFAB",2.2552293776524,8.07705512590453,20.4445906594203,1.25971083924544e-13,9.83531834849273e-12
"KIR3DL1",2.54442338771433,7.90394145546195,19.4497112349707,3.47862355187858e-13,2.49629607018816e-11
"GUCY2C",-2.90323326712943,-7.85658321365491,19.1792207768026,4.58545728244573e-13,3.16266928254623e-11
"ZNF831",2.04356819744015,7.72804782815226,18.4488365121448,9.67004691437746e-13,6.39829307531301e-11
"UGT1A8",-3.18927464187273,-7.67277068209752,18.136458146186,1.33063831696127e-12,8.46017241327919e-11
"SMIM32",-3.81007986241476,-7.47029398796342,17.001434573897,4.24612969158708e-12,2.49639173042435e-10
"AC068775.1",2.89766536897063,7.39499756597879,16.5831479938437,6.51324752790322e-12,3.70647459175344e-10
"KLRC2",2.67210173381685,7.39120239579464,16.5621210631121,6.65486404391688e-12,3.77605497887249e-10
"XCR1",2.04039211341801,7.26261352584008,15.8529171057758,1.37497891413328e-11,7.49670766060544e-10
"ACOD1",2.77291981733355,7.24754516696649,15.7702277383487,1.49641484925981e-11,8.11347817852839e-10
"ZNF80",2.18740499872319,7.17004395241569,15.3463397448085,2.3094496515433e-11,1.21832831752632e-09
"TM4SF20",-3.88961089324885,-7.12501280405127,15.1011414460319,2.96858232101243e-11,1.54516688863578e-09
"SIGLEC8",2.01008290870198,7.10613984804769,14.998619326025,3.29721504581312e-11,1.71165799146878e-09
"KCNK15",-2.81169787509776,-7.0921001900075,14.9224463652673,3.56474681507714e-11,1.81198679904924e-09
"FABP1",-4.37811755583908,-6.66711529810358,12.6559636007051,3.64062280247131e-10,1.55495222060038e-08
"FUT6",-2.95888589691722,-6.6302761733143,12.4632242382099,4.43703419575315e-10,1.8745989278551e-08
"TRHDE",-2.22540464446337,-6.58888391172605,12.2474018109247,5.53758126457624e-10,2.29974571709071e-08
"HMGCS2",-3.53848583526536,-6.45102796452756,11.5343432235853,1.15188194404573e-09,4.56056463809912e-08
"PLA2G4F",-2.05113412822621,-6.44144095181208,11.4850872911795,1.2116857432994e-09,4.76832540795585e-08
"NPC1L1",-2.84724719065034,-6.43223793452269,11.4378454489441,1.27196265537512e-09,4.9954605775185e-08
"CLDN3",-2.76302541008519,-6.35826952494635,11.0596199221031,1.87638406971848e-09,7.28134009082207e-08
"RXFP4",-2.05317754762939,-6.34432699487105,10.9886233879178,2.01848081595911e-09,7.77095208021811e-08
"KIR2DL1",2.45339008418339,6.305449141868,10.7911553727336,2.47295933196546e-09,9.35459170554918e-08
"CLEC6A",2.32955780944168,6.26355550185432,10.5792015031666,3.07541326906958e-09,1.14559144272842e-07
"NR1I2",-2.73942657668832,-6.25225600928603,10.5221823973439,3.26122036291435e-09,1.21018555634459e-07
"SLC16A9",-2.14399879516142,-6.15692639303087,10.0436775789198,5.33650148929802e-09,1.90426275264366e-07
"MUC16",2.75740524707952,6.11459610871926,9.83267624836388,6.6315050896601e-09,2.33225851973109e-07
"PLAAT1",-2.64209732672378,-6.06481125372314,9.58569296924641,8.55251770232444e-09,2.92871215845037e-07
"CARD17",2.38241440271799,6.05435124078571,9.53396357265411,9.02067166940458e-09,3.07285323412056e-07
"GPR31",2.03341963113986,6.02025596572197,9.36574260303209,1.07279561033157e-08,3.62281963980311e-07
"PPP1R14C",-2.34788368536329,-5.98616982235781,9.19817479649246,1.27503405080297e-08,4.22730426825576e-07
"PRAP1",-2.61422219700178,-5.98009072604196,9.16835412844361,1.31483660701309e-08,4.33518508991358e-07
"C11orf53",-2.6395114457476,-5.97219972523843,9.12967436059925,1.36832327927906e-08,4.47375244359262e-07
"SPINK4",-3.38507698276296,-5.96022265240661,9.07102858471652,1.45360500487675e-08,4.71310898508128e-07
"MYO7B",-2.11736488604344,-5.93328126420507,8.93938816607697,1.6649265100185e-08,5.31877259395272e-07
"CHP2",-3.5562424110138,-5.92786161335096,8.91295346319992,1.71093703031621e-08,5.45682678018662e-07
"AKR1C4",-2.35104295631791,-5.90906740428758,8.82140502235639,1.88034905191072e-08,5.96789156816997e-07
"KCNJ3",-2.63625822875225,-5.86197683481999,8.59285503421745,2.38030382586418e-08,7.43378406032686e-07
"MEP1A",-2.9155135716917,-5.83149303486703,8.4455435961798,2.77109080364818e-08,8.57017488401287e-07
"IYD",-2.08577884631958,-5.8119797306822,8.3515119489887,3.05351543265534e-08,9.31274495781242e-07
"TRPC7",-2.25989704938771,-5.8115603051776,8.34949308359873,3.05988527082192e-08,9.31761319831093e-07
"TMEM229A",-2.89847605216875,-5.80618626233989,8.32363414615916,3.14266112142115e-08,9.55476673349213e-07
"SLC39A5",-2.12572603796137,-5.79635420587797,8.27636497140248,3.29981340908319e-08,9.97392201855083e-07
"WFDC2",-2.57614050141254,-5.76741621638571,8.13754906663779,3.80832276807349e-08,1.13661547568848e-06
"SLC17A4",-3.09691646099941,-5.74993058549996,8.05389403601603,4.15194514512526e-08,1.22976960982853e-06
"MAB21L3",-2.33678187951213,-5.73806730045237,7.9972338794249,4.40216082989112e-08,1.29993611556195e-06
"TFF3",-2.42936170825806,-5.72942632545208,7.95601293730415,4.59363769993702e-08,1.35034961242576e-06
"AL645941.2",2.65143058145393,5.72232889606066,7.92218638325136,4.75698344165543e-08,1.39207735828594e-06
"CPA5",2.06720450540747,5.69744113363901,7.80379248481242,5.37590520955433e-08,1.55455250052283e-06
"SLC34A2",-2.83421587630604,-5.6555663023931,7.60537236976128,6.59938112116373e-08,1.87904071824499e-06
"ALPI",-3.00435023777927,-5.64404231099631,7.55094027370957,6.98133283779167e-08,1.97777410247976e-06
"IFNL1",2.46339003260076,5.6255080693558,7.46355380620204,7.64139004578641e-08,2.142992705513e-06
"TDRD5",-2.47294444822389,-5.59138023915896,7.30315640567099,9.01993804592262e-08,2.47623306214295e-06
"UGT1A10",-2.68137108747064,-5.56578055881818,7.18327723692615,1.02106584494012e-07,2.77966307215986e-06
"VWA2",-2.05524697809683,-5.56203623303303,7.16577468217193,1.03972155633962e-07,2.82650766827202e-06
"TM4SF4",-2.91603175257457,-5.55844211995426,7.14898186718588,1.05794172683218e-07,2.86407275534499e-06
"TTLL2",-2.25907576990324,-5.5250254446747,6.99320526029373,1.24297265313656e-07,3.33721914945978e-06
"CDH17",-2.5467110268145,-5.51697026080488,6.95575144767198,1.29209717557701e-07,3.46434680907798e-06
"VSNL1",2.04101049735367,5.51514347792428,6.94726277421012,1.30349866470247e-07,3.4901221449009e-06
"PPP1R1B",-2.6023785112858,-5.51126040830209,6.92922540517753,1.32806120659986e-07,3.55032655678841e-06
"IFNL2",2.69172654447733,5.49425720781619,6.85034650735581,1.4410413877667e-07,3.79590915625076e-06
"SLC30A10",-2.39131491941545,-5.47464525151468,6.75957466310884,1.58302712963663e-07,4.13642657876538e-06
"UGT1A9",-2.02143853556426,-5.46204720678831,6.70138457039154,1.68133925217122e-07,4.38744129186231e-06
"SLC6A20",-2.21321950703446,-5.4286787220851,6.54770651341902,1.9714118597671e-07,5.07651557926043e-06
"C9orf57",-2.2060827175296,-5.41967765613128,6.5063645830792,2.05767274344991e-07,5.26392061328949e-06
"FAM166C",-2.31477002678167,-5.4155771356386,6.48754674976126,2.09817955574407e-07,5.35351199327692e-06
"UGT1A1",-2.65582098343531,-5.41155353632293,6.4690915865123,2.13868179439961e-07,5.44262450389647e-06
"FUT3",-2.12326087235905,-5.39564467207471,6.39621586055251,2.30642033740596e-07,5.8314790888377e-06
"MOGAT1",-2.48840620738631,-5.36866024876216,6.27294883935875,2.62070353378584e-07,6.55814259948281e-06
"TBX10",-2.00741167246858,-5.36654636498825,6.26331077631657,2.64701502564774e-07,6.615504005841e-06
"FABP2",-3.2316030493321,-5.35797121470017,6.22424052693941,2.7564150700404e-07,6.86255940715797e-06
"SLC15A1",-2.70563159552776,-5.35589376635554,6.21478183585114,2.78357458423669e-07,6.91254355085444e-06
"RETNLB",-2.8392228399063,-5.35542257224857,6.21263683271785,2.78977092134291e-07,6.91912815930017e-06
"IFNL3",2.80842482648222,5.28332860413928,5.88601789088555,3.91443788581607e-07,9.40959520852756e-06
"KRT40",-2.60513392992744,-5.24640544927758,5.71995707233154,4.6505411981063e-07,1.08451509732183e-05
"PROM1",-2.02102375208322,-5.16535562501568,5.35836570626056,6.76956133962042e-07,1.5293410623617e-05
"CYP2B6",-2.38677894487788,-5.1389896612187,5.24161294091948,7.6426191233724e-07,1.70877757925665e-05
"ERICH5",-2.28135588178531,-5.13731642600524,5.23421817459529,7.70157359081153e-07,1.71998872905092e-05
"KBTBD12",-2.05227574726619,-5.11896754579921,5.15324093481394,8.37777728982122e-07,1.86248103553554e-05
"CFHR4",-2.13093355851549,-5.10179515996136,5.07764646161175,9.06266475274367e-07,1.99205127600004e-05
"CAPN13",-2.18548919713715,-5.09753627998715,5.05892706546046,9.24076400037566e-07,2.02872161208411e-05
"UGT1A7",-2.13793284981784,-5.09528440833272,5.04903383396208,9.33630289331163e-07,2.04299659388509e-05
"FAM3B",-2.13949108825619,-5.07288486260636,4.9507986348629,1.03404013569668e-06,2.22775159036021e-05
"PNMT",-2.08505044951264,-5.06720161802403,4.92592451681426,1.06113918095704e-06,2.27608523880225e-05
"DUOX2",-2.71153650814678,-5.05782086901374,4.88491195792033,1.10738420425459e-06,2.36488318193055e-05
"DUOXA2",-3.05956570269375,-5.04392785914366,4.82427405207864,1.17948746256622e-06,2.49554528558902e-05
"ABCG8",-2.52092223103235,-4.94519066701012,4.39686359973353,1.84046443571175e-06,3.73819202088009e-05
"GGT6",-2.31027924257377,-4.94309354072486,4.38785341956514,1.85782009620004e-06,3.76952083760173e-05
"RASSF10",-2.2567295407502,-4.91474474676548,4.26633329384983,2.10858361392007e-06,4.22561022177678e-05
"CHIT1",2.04879072969472,4.89229497659783,4.17046948040385,2.33014820777415e-06,4.60345778011575e-05
"KRTAP5-5",-2.49784234731912,-4.89024548847757,4.16173418455678,2.35146345923906e-06,4.63618335968558e-05
"F7",-2.0260979675324,-4.87214570211848,4.08470838462365,2.54808900298019e-06,4.98358208909522e-05
"FAM131C",-2.01092968683366,-4.85880906799793,4.02808960971056,2.70306492022042e-06,5.2655812552677e-05
"GNGT1",-2.90863498375136,-4.8463734373839,3.97540080281845,2.85576734634377e-06,5.54092672299045e-05
"NAT2",-2.51921009787489,-4.84437512819443,3.96694357550838,2.88107169390528e-06,5.58447253161242e-05
"CLPSL1",-2.7503664170275,-4.83589404249956,3.93107916671665,2.99090310930663e-06,5.77442510292345e-05
"PRAC2",-2.62343942578203,-4.81323651426054,3.83549809833086,3.3045678158555e-06,6.29193682571841e-05
"TMEM244",2.10695494487475,4.80550382637461,3.80295510385218,3.41872881272165e-06,6.46610152088313e-05
"APOBEC1",-2.29272003415878,-4.74291174119553,3.54099481969446,4.49425639852216e-06,8.2679915780164e-05
"ZG16",-2.07097929484897,-4.73552365086026,3.51024623893829,4.6409711961329e-06,8.50583256125053e-05
"MUC15",-2.89145266991861,-4.72079731581794,3.44906541287926,4.94734295490581e-06,8.98299415226107e-05
"FER1L6",-2.47749504430635,-4.71133013710035,3.4098105606249,5.1545252507313e-06,9.2900441707317e-05
"TLX1",-2.23531726800296,-4.70629255270112,3.38894715760904,5.26816075085445e-06,9.4773483590717e-05
"KRT12",-2.10737401367327,-4.70476688311632,3.38263188436098,5.30305095684245e-06,9.53133072068211e-05
"SMIM2",-2.01668580532189,-4.69885052292265,3.3581568207365,5.44047409592015e-06,9.76035054028175e-05
"RBP4",-2.12606036052624,-4.69586332262042,3.34580817865057,5.51116030365107e-06,9.87808429448717e-05
"CEACAM20",-2.17580523361962,-4.64838855650702,3.15036249116475,6.76098982745171e-06,0.000117828357537527
"BCL2L10",-2.19327910943175,-4.64791163918302,3.14840683640476,6.77483672438816e-06,0.000117964351492714
"C3orf85",-2.5152324131252,-4.63152588926085,3.08130894722511,7.26756283628464e-06,0.000125870061225767
"TRIM54",-2.21813269492369,-4.60883029928191,2.98867462626976,8.00748121277421e-06,0.000136504826019336
"C9orf135",-2.10837026019203,-4.5870445803882,2.90008473618559,8.78575646777875e-06,0.000148218824973702
"NR0B2",-2.01369865880673,-4.57373385693712,2.84611766361085,9.29663765495146e-06,0.000155094931954699
"VTCN1",-2.11838870623572,-4.5302729438807,2.67075773597292,1.11718589713523e-05,0.00018126642997658
"RFX6",-2.268180189946,-4.51373070280127,2.60435422761583,1.19772868362935e-05,0.000192573856472497
"POU6F2",-2.25148205495723,-4.50694601402228,2.5771740958358,1.23235498807396e-05,0.000197652728120096
"TAS2R38",-2.16346896931278,-4.49502285494289,2.52948615298989,1.29555430353313e-05,0.000206938825291843
"TTR",-2.54100138677817,-4.47233536169755,2.43901820810341,1.42453215117612e-05,0.000224744698574243
"CACNG4",-2.16353367981475,-4.47218080470956,2.43840313155967,1.42545179996369e-05,0.000224744698574243
"FEZF1",-2.13794845557202,-4.47040554423818,2.43133948239833,1.43605604829576e-05,0.000226051435537782
"PCLO",-2.00498718885508,-4.45896347386192,2.38586500866297,1.50624700343377e-05,0.000235580410737371
"GUCA2A",-2.9561223709387,-4.45753949403461,2.38021205551255,1.5152099019307e-05,0.000236410395057527
"GSTA2",-2.44747865775452,-4.42289343756421,2.24311095140884,1.74977950729707e-05,0.00026742205846535
"CDX1",-2.51633375623948,-4.41764282945128,2.22240682179641,1.78824353846115e-05,0.000272480293733202
"SI",-2.79255144463563,-4.40720527127282,2.1813072104418,1.86713295344251e-05,0.00028273520650306
"SLC6A19",-2.654377948463,-4.40509596627304,2.17301079654729,1.88347685506468e-05,0.000284768278342429
"PCK1",-2.27177430358244,-4.36948718471388,2.0334270668113,2.18104313106883e-05,0.000322513491479792
"RDH8",-2.17247353973792,-4.34848504038642,1.95152143068059,2.3771937874295e-05,0.000346013762392516
"APOA4",-3.20553991992438,-4.33193407078969,1.88719580766374,2.54359454816265e-05,0.000366138805203442
"OTOP3",-2.40733730338984,-4.25534663174955,1.59208874026351,3.47033804208799e-05,0.000477150435780577
"SLC26A3",-2.47400325431527,-4.2053148589858,1.40158837902782,4.24208991440929e-05,0.000569081464188006
"UGT1A6",-2.02398490766558,-4.20463221791156,1.39900171557661,4.25367811858014e-05,0.000570145590386369
"EVX1",-2.1366462494108,-4.19628454455197,1.3673981252376,4.39785783277446e-05,0.000587153126114397
"ITLN1",-2.60143697308252,-4.1705978331801,1.27046884968674,4.87143783971785e-05,0.000640738512085261
"GSTA1",-2.15603333957601,-4.16735358320965,1.25826086629154,4.93461136890731e-05,0.000646904216844775
"PAX4",-2.2973772881257,-4.16000146749125,1.23062362977715,5.08068775398288e-05,0.000663344108829377
"MOGAT2",-2.27563500157689,-4.15835744739092,1.22444902692147,5.11391327689877e-05,0.000667235783768631
"HEPACAM2",-2.20139111015104,-4.15393131142271,1.20783520156098,5.20440099884284e-05,0.000675879594786516
"ISX",-2.54514398458419,-4.02786403495428,0.740693449780127,8.52828677819822e-05,0.00102945967608937
"C5orf52",-2.06954557062957,-4.02735128824311,0.738817533396039,8.54524226553406e-05,0.00103023214194539
"RBP2",-2.01303209808682,-4.00278234821376,0.649160647127561,9.39642307116664e-05,0.00111867101640985
"PCSK1N",-2.1613538707001,-3.96648877012399,0.517545610993682,0.000108029787431155,0.00126341127673381
"CLPSL2",-2.29567882580085,-3.92405836475128,0.364933201119305,0.000127015515121475,0.00144335731555728
"FOXJ1",-2.19426278205522,-3.92067561825912,0.352824793552019,0.000128658555069461,0.00145835443461139
"REG4",-2.36191210519098,-3.90819618565399,0.308230151437543,0.000134896476462754,0.00151935621700894
"APOA1",-2.05102670705761,-3.89617897817999,0.265398919623929,0.000141174281067571,0.00157732157536229
"PLA2G12B",-2.10207848239741,-3.84801741699469,0.0948466236741217,0.000169231035001597,0.00183398487628058
"DMBT1",-2.12452167736169,-3.84788653331898,0.0943855438238304,0.000169314040015247,0.00183398487628058
"MAGEA3",-3.52407464814776,-3.83333521271719,0.0432056125391629,0.000178787181750747,0.00191704156785277
"APOB",-2.21980426092433,-3.81571995622081,-0.0185335967972158,0.000190928186953538,0.00202429510111141
"C11orf86",-2.10467504186664,-3.80376804707082,-0.0602877683941738,0.00019960666150133,0.00209920389323516
"SLC13A2",-2.21546382067579,-3.78977177227585,-0.109044191932904,0.000210244891624366,0.00218634525285882
"MAGEA10",-2.41038847185804,-3.77141955844471,-0.172745724524402,0.000225009710979134,0.00230173899490613
"WFDC10A",-2.02995656760372,-3.74876534606709,-0.251020616914666,0.000244591349536352,0.00246472821455862
"ATOH1",-2.17448095783501,-3.72557435645778,-0.330738007058049,0.000266300931424261,0.00263698344481486
"LYPD8",-2.07990043053854,-3.72431150954384,-0.335066957147547,0.000267533954518981,0.00264003804765217
"CT45A10",-2.21273710226406,-3.69507748262963,-0.434931961929913,0.000297633005829833,0.0028632324498731
"AC243967.1",-2.14892190349807,-3.6743187545347,-0.505439857173388,0.000320919312560632,0.00304374347029688
"TINAG",-2.06773740571604,-3.66005889054179,-0.553678644637476,0.0003379011638235,0.00318161737417795
"MAGEA11",-2.27724654248313,-3.63986239036452,-0.621727083061006,0.000363409369636751,0.00336566629187381
"MAGEA6",-3.31384166909199,-3.62219579046218,-0.680988458512675,0.000387201579682005,0.00354492853368342
"KRTAP4-1",-2.26761871596704,-3.60562509627563,-0.736350088604826,0.000410846287498393,0.00373097726021016
"SCGB2A1",-2.0872106690311,-3.58726832175652,-0.797425627553999,0.000438625624068686,0.00394047528341585
"APOC3",-2.53631673296798,-3.58568078485724,-0.802695056489165,0.000441109394215017,0.00395680802650869
"KRT20",-2.41150850149673,-3.56097435141961,-0.884444332359576,0.000481511925950811,0.00424700916522091
"DUSP27",-2.31615920953985,-3.48529291731545,-1.13183641383906,0.000628024118634861,0.00528379429811804
"SULT4A1",-2.02026865589913,-3.46155464342005,-1.20848910066043,0.00068199736192631,0.00565501550868294
"C10orf99",-2.56886988573921,-3.43732662012645,-1.28625578876685,0.000741548737644246,0.00603955883960649
"GUCA2B",-2.00781316315199,-3.40524615157403,-1.38849815492116,0.00082791753534709,0.00658790149712183
"MAGEA9B",-2.18717377086676,-3.3873460323646,-1.44518477690088,0.000880114584260905,0.00692949984723565
"MAGEA12",-2.68390252275814,-3.26297186513627,-1.83184387813137,0.00133701160197459,0.00967276851702819
"NEUROG3",-2.03013471626067,-3.25491686563342,-1.85644817410224,0.0013731589353516,0.00987885457812229
"GABRA3",-2.02235045387092,-3.12626363036658,-2.2421393132006,0.00208858454986085,0.0137819749251974
"CTAG2",-2.46505629835308,-3.05239344673558,-2.45734952174586,0.00264201914024413,0.0166085576806522
"S100A7",-2.36339740895704,-2.77960816889523,-3.21190063866352,0.00606677816970298,0.0314104623592659
"OLFM4",-2.01628980217115,-2.76312799994672,-3.25543552981472,0.00636733993826197,0.0326891394673686
"CD8A1",2.08168351663427,8.48928083977042,19.5070320840959,2.44045266454662e-13,4.76351955592855e-09
"NKG71",2.05722250286737,7.96277561603539,17.11389882431,3.23876949565382e-12,3.16087708928335e-08
"ZNF6831",2.57776915486916,7.78186835312722,16.296619386872,7.82331414902978e-12,5.09010896249708e-08
"TTC241",2.51716723834467,7.70545990443781,15.9524171989646,1.13406233158661e-11,5.53394066255976e-08
"GZMH1",2.16424277995561,7.57176529598893,15.3517269311948,2.16750473965361e-11,8.46150500265975e-08
"RTP51",2.2394642197653,6.32609588507623,9.89214604586157,7.7702348845804e-09,1.54248799490173e-05
"KLRC4-KLRK11",2.06497228499521,5.92560407949152,8.21070132930703,4.75847702552012e-08,4.64403565305636e-05
"KIR3DL21",2.30817612975597,5.77693761516078,7.59857493942728,9.20884695338671e-08,6.65731421048723e-05
"CXCL8",-2.0650465616646,-5.35340850079549,5.89555693342913,5.79357249763071e-07,0.000235593211627612
"CXCL91",2.0111438827684,5.33791241028506,5.83448277920405,6.18907864165363e-07,0.000246540053074362
"IDO11",2.41952236608831,5.1121904583946,4.95557404921774,1.60211069797588e-06,0.000504380624415986
"MMP13",-2.66061813022251,-5.0204177297049,4.60419635711786,2.34441505777905e-06,0.000663197645112888
"HCAR3",-2.22896499243335,-4.74901070565495,3.58659078582823,7.07414622481597e-06,0.0015008723930672
"GUCY2C1",-2.37655731202421,-4.4588271473491,2.53678782792727,2.21844052423754e-05,0.00343664607877718
"MMP8",-2.27914703414563,-4.34667779943127,2.14238313318475,3.41226007622218e-05,0.0045537310701951
"TFF31",-2.37765352340308,-4.32415232384378,2.06395881870645,3.71759917158153e-05,0.00483758788200665
"NR2E1",-2.2470845582463,-4.20828366172222,1.66484288265203,5.75303049182295e-05,0.00680566073756922
"MMP3",-2.61159941937441,-4.11609934852713,1.35255023302542,8.10111982374672e-05,0.00850138483009206
"DUOX21",-2.92319594691726,-4.02047511220446,1.03364740670608,0.000114976016888068,0.0104382180169219
"KCNV1",-2.20261959025241,-3.99950820276396,0.964422800494012,0.000124066298599532,0.0109576926803813
"RNF182",-2.07289004876929,-3.93151965550357,0.741708465451679,0.000158515602802274,0.0122683184825184
"TDRD51",-2.45381950508825,-3.93063577206863,0.738830898920352,0.000159018626777866,0.0122683184825184
"IFNE",2.3610192631284,3.71606347409428,0.0541329329143387,0.000338580872960161,0.0191519219403166
"DUOXA21",-3.03802394371336,-3.70583632264654,0.0222004294179721,0.000350761497252981,0.0196738898416119
"RDH81",-2.28488939132198,-3.69211934128633,-0.0205262055226143,0.000367753157764675,0.0200889583468944
"LYPD81",-2.19794307969656,-3.69177181927932,-0.0216071672731371,0.000368193630901511,0.0200889583468944
"IGFBPL1",-2.26849419419059,-3.67447501496915,-0.0753131696546436,0.000390760670894079,0.0206142095545446
"PPP1R14C1",-2.02071628854756,-3.61818513704073,-0.248788525417059,0.000473632877660103,0.0232282415553959
"B4GALNT2",-2.03359126160619,-3.48566586966747,-0.649192762557683,0.000739200753768972,0.0303930788517016
"PF4V1",-2.54207705201202,-3.48496899384246,-0.651268258177191,0.000740911778537633,0.0303930788517016
"TRIM541",-2.10714086060568,-3.44947547133728,-0.756556348540145,0.000833167937919628,0.032920252996464
"IGF2BP1",-2.28890655801906,-3.44435785756755,-0.771668802201856,0.000847330168862858,0.0329494551735651
"CSF3",-2.33853946515999,-3.44154716662649,-0.779961486624284,0.000855204478930699,0.0330549232163333
"TMEM229A1",-2.24003030060042,-3.36138730592341,-1.01425400559367,0.00111102985972009,0.0378467571236935
"CLDN31",-2.19530944518054,-3.35060742981494,-1.04543336948123,0.00115046741050479,0.0385117365482698
"PRSS2",-2.67591071045848,-3.26140137540599,-1.30042494610594,0.00153102879580938,0.0454857702669759
"HEPACAM21",-2.08139378761143,-3.24451239931709,-1.34808858633578,0.00161520505241856,0.0469154574674968
"ALPI1",-2.29511059508432,-3.23004567437504,-1.38875977958247,0.00169072822070933,0.0479412785729911
"MEP1A1",-2.09363017685197,-3.16073899177711,-1.58158974991863,0.00210049976307695,0.0537141005415213
"TAS2R381",-2.07347050208752,-3.11972915900697,-1.69410583250617,0.00238473618197099,0.0572542011511583
"MAGEB17",-2.02720732503228,-3.08637260950454,-1.78474692955421,0.00264187498257189,0.0602683266265511
"RASSF101",-2.13423233790565,-2.96750079948432,-2.10128144684776,0.00378219987638755,0.0734574720270732
"RETNLB1",-2.08836980365434,-2.96651531988803,-2.10386288123027,0.00379331513124714,0.0736001173427563
"TM4SF201",-2.27034674709795,-2.95864645031146,-2.12444974328013,0.00388315555818512,0.0744551211593471
"CXCL5",-2.35942129625823,-2.94070023629828,-2.17123214614007,0.00409544131229248,0.0763559969158782
"CRABP1",-2.37126484488901,-2.92154135397593,-2.22091534287191,0.00433383692929484,0.0789842791997255
"CLC",-2.0522693366892,-2.87977746164603,-2.32828168684081,0.00489840825524963,0.082996554456786
"CHP21",-2.35585284192672,-2.87897839760126,-2.33032334784893,0.00490984071039913,0.0830460839049225
"PCK11",-2.00640953896384,-2.84663596569465,-2.4125624715815,0.00539366625875936,0.0873684412487335
"RNASE7",-2.00607769561024,-2.74880035364009,-2.65656954906762,0.0071354630824189,0.101154340857219
"ORM1",-2.16092170848485,-2.65246245898207,-2.88974685122894,0.00933754377955752,0.117107342380186
"CD2741",2.35701729701025,13.6240029804967,51.5987262724782,9.87326021497891e-28,1.92716166136173e-23
"GBP41",2.0427334205784,11.3660908115761,38.5631816310181,8.37287089167606e-22,4.08575167336562e-18
"IDO12",3.38227545630283,10.5019711057433,33.5609889792298,1.54616816651458e-19,3.06469031559076e-16
"GBP51",2.40728776760291,10.3842967276354,32.8822260082924,3.13707770015698e-19,5.56660178448765e-16
"IFNG1",2.63161673273457,9.77596337734213,29.3895263798806,1.19359920656024e-17,1.90244720977317e-14
"CXCL92",2.48800504997907,9.49645171977238,27.7966015590961,6.26993553493262e-17,8.7416336933107e-14
"CXCL101",2.45534646143341,9.15085764852378,25.840537431938,4.80514964752753e-16,5.21065088722721e-13
"CXCL111",2.54990973080307,8.81460243439571,23.9544088232794,3.42312579389083e-15,3.18171392242643e-12
"UBD1",2.03305317828292,6.87201941946025,13.5550347480124,1.73799863970325e-10,5.65236687674227e-08
"PIFO",-2.21092971673992,-6.35150207023341,10.9706872494386,2.58814113231055e-09,5.10282088500704e-07
"KLRC31",2.40029857501618,6.20777516586508,10.2765768170424,5.35177673080385e-09,8.77826302592945e-07
"MMP12",2.28583466995437,5.79152781092852,8.31877830183065,4.16736194167453e-08,4.56660223403626e-06
"KLRC41",2.11827393923225,5.64414748684515,7.64541462012474,8.45323886123455e-08,8.04872045524084e-06
"ACOD11",2.20634045440228,5.45246291303134,6.78612259813976,2.08701307820631e-07,1.68350532603761e-05
"CAPN131",-2.36643803198592,-5.39448771741412,6.5300170335264,2.73296321112408e-07,2.06762437666399e-05
"CACNG41",-2.60710069741649,-5.37484687053422,6.44366079190004,2.99319933329322e-07,2.20468897307737e-05
"ERICH51",-2.28473871121189,-5.37276966170561,6.43453991134643,3.022095722953e-07,2.20796091726861e-05
"RPRM",-2.50382573004387,-5.30404582595205,6.13409485051989,4.14763324150861e-07,2.89134475860738e-05
"MAPK4",-2.46078998952994,-5.2965826335482,6.10162221141109,4.29206404316842e-07,2.97080844179448e-05
"IFNL11",2.34715852145802,5.28512439216488,6.0518263495925,4.52339649316586e-07,3.08713902622743e-05
"SMIM321",-2.87280787231165,-5.2391699221883,5.85284105718246,5.57948029978142e-07,3.54742267007927e-05
"IL211",2.55559593567217,5.14569107217706,5.45170004477235,8.51991288502133e-07,4.86257835095706e-05
"HMGCS21",-3.05572367352557,-5.02083236996847,4.92363309478115,1.48844506123148e-06,7.37384750004498e-05
"DCX",-2.04765039090779,-4.96270419376626,4.68086744620788,1.92415738808047e-06,8.9850784827614e-05
"SERTM1",-2.21386078673062,-4.9331078150384,4.55802379133641,2.19126693321067e-06,9.92374461005549e-05
"CLEC6A1",2.02097142237605,4.83287661279246,4.14587089479787,3.39047330623081e-06,0.000136170058568558
"KCNK151",-2.14720809870882,-4.8023294046679,4.02146114917252,3.86838587140154e-06,0.000150712622402967
"PLAAT11",-2.24312221001555,-4.73647903870571,3.75520581064603,5.13067835269418e-06,0.000186144443803416
"TRIM542",-2.4213645200441,-4.67483793261269,3.50838908626507,6.66756512573105e-06,0.000225944798071431
"TFF32",-2.13790725864607,-4.62277734292182,3.30177731187763,8.30428935581914e-06,0.000263095577964754
"TMEM229A2",-2.27596094732709,-4.51107436211375,2.86424488927728,1.32264082533786e-05,0.000368808946710996
"TCEAL5",-2.24567183053646,-4.49962972974451,2.81986746768716,1.38664198285728e-05,0.000380138551452123
"IFNL31",2.45675707098112,4.43281687988724,2.5624864196898,1.82418004269117e-05,0.000463622008506366
"C11orf531",-2.19647066032546,-4.40745784494276,2.46555732023168,2.02281800133108e-05,0.00050425778503169
"LRRTM1",-2.02922230865492,-4.36812028265326,2.31603350259622,2.37269692314185e-05,0.000561213559551328
"FUT61",-2.22352168532908,-4.35749524329153,2.2758222275636,2.47675695495529e-05,0.000575521654806813
"MOGAT11",-2.09376270769714,-4.34360458364619,2.22336463974401,2.61943132768491e-05,0.000599355093048181
"TDRD52",-2.02138834999964,-4.34045633320504,2.21149316154642,2.6528485323151e-05,0.000603101650672449
"SLC34A21",-2.36748994099088,-4.31586546881205,2.11899214352371,2.92833641291265e-05,0.000651331908426313
"IFNL21",2.22144001702842,4.2919870175372,2.02955668407916,3.22200377015624e-05,0.000693387999886214
"WFDC21",-2.17226557598186,-4.25690399574295,1.89884798516013,3.70526111877197e-05,0.00076532266431016
"SCGN",-2.56714826870296,-4.24099115780987,1.83983460255696,3.94670129481805e-05,0.000797470627055419
"APOA11",-2.20689293104803,-4.20539305466615,1.70843774471889,4.54262704572682e-05,0.000892923450313775
"TAC1",-2.71581528124332,-4.16807517454863,1.57161796720339,5.25952686648724e-05,0.00099162064429184
"CAPN6",-2.13575580864945,-4.10295188868921,1.3351403382191,6.77729520395766e-05,0.0011971585980638
"SULT4A11",-2.51080892549211,-4.09183204680307,1.29505405148504,7.07516543565321e-05,0.00123193714664153
"PCSK1N1",-2.11394681811329,-4.07410076950434,1.23131137240302,7.57617341373411e-05,0.00129491531403394
"SST",-3.11866552631574,-4.06320470159153,1.19224919091705,7.90067518709969e-05,0.00133402490464532
"ITLN11",-2.22086452014576,-4.00740769547812,0.993517518718253,9.78136103450572e-05,0.00155855009006136
"CHP22",-2.661418629117,-3.98856717351885,0.926906809006574,0.000105077191053599,0.00164247244904137
"APOB1",-2.33557141388085,-3.95708931790947,0.816175812712605,0.000118373171161452,0.00176033277083971
"ABCG81",-2.02405295190007,-3.91747276139082,0.677813973496502,0.000137392977826223,0.00196311193264001
"FABP11",-3.04070975429217,-3.87211250639509,0.520768047920093,0.000162738494509403,0.00220743062844269
"BMP3",-2.12605070530472,-3.86234479760324,0.487143563669831,0.000168749862586977,0.00226666470122108
"NPY",-2.32486358792247,-3.79154590105987,0.245484984492242,0.000219067419807549,0.00273574981908097
"PCK12",-2.01892880535289,-3.75107276629304,0.108974892447516,0.000253917892172862,0.00303132925830098
"TM4SF41",-2.10603537405701,-3.68496692020389,-0.111405370441287,0.000322368549202872,0.00361835061063304
"FER1L61",-2.00087095139731,-3.64089199259375,-0.256544230869723,0.000377336441517439,0.00403795504494457
"GSTA21",-2.05886878133598,-3.63161896526175,-0.286896274983257,0.000389977085225894,0.00412796243303917
"FABP21",-2.36227946270086,-3.61747562673075,-0.333065951488781,0.000410029149399331,0.00427840317948409
"CRABP11",-2.26171624189341,-3.59002242070246,-0.422257080946396,0.000451759914848677,0.00458549234421806
"TINAG1",-2.10732813669531,-3.5826463421461,-0.446124400743255,0.000463636572005432,0.00466410139462997
"UCN3",-2.13246897503032,-3.54533900661978,-0.566214747878864,0.000528351697516674,0.00514755966125521
"SLC6A191",-2.26444233854911,-3.52050523563337,-0.64557023147837,0.000576046360780751,0.00549016060355443
"PRAC21",-2.0092629488342,-3.23629016984358,-1.52001909280969,0.00150060114822131,0.0107882997466415
"KRT201",-2.07178418840382,-3.00851976037029,-2.17486535060557,0.00309640812587682,0.0180954461703562
"CTAG21",-2.1628293067289,-2.784544599487,-2.77764169065034,0.00607630319924,0.0295400652916477
"APOA41",-2.22920753667667,-2.74229937442986,-2.88666639902647,0.00687058750344153,0.0323618417428139
